oblika,znamka
Coupe,Acura
Limuzina,Mitsubishi
Coupe,Subaru
Coupe,GMC
Limuzina,Dodge
Kabriolet,Chrysler
Coupe,Chrysler
Limuzina,Mazda
Limuzina,Honda
Limuzina,Toyota
Coupe,Ford
Limuzina,Renault
Limuzina,Toyota
Limuzina,Nissan
Limuzina,Pontiac
Terenec,Toyota
Coupe,Volvo
Terenec,Ford
Terenec,Pontiac
Coupe,Pontiac
Limuzina,Ford
Enoprostorec,Subaru
Limuzina,Plymouth
Terenec,Mazda
Coupe,Buick
Coupe,Mitsubishi
Limuzina,Maserati
Coupe,Subaru
Enoprostorec,Honda
Coupe,Kia
Kabriolet,Lamborghini
Limuzina,Chevrolet
Coupe,BMW
Coupe,Mercury
Kabriolet,Infiniti
Coupe,Lexus
Terenec,Audi
Limuzina,Nissan
Coupe,Buick
Limuzina,Mazda
Limuzina,Suzuki
Limuzina,Nissan
Coupe,Volvo
Coupe,Saturn
Coupe,Chevrolet
Limuzina,Cadillac
Limuzina,Nissan
Coupe,GMC
Limuzina,Cadillac
Coupe,Nissan
Enoprostorec,Volvo
Limuzina,Maybach
Coupe,Pontiac
Limuzina,Pontiac
Coupe,Dodge
Coupe,Dodge
Coupe,Mazda
Terenec,Volkswagen
Limuzina,Volkswagen
Enoprostorec,MINI
Limuzina,Geo
Coupe,GMC
Limuzina,GMC
Kabriolet,Subaru
Limuzina,Ford
Kabriolet,Ford
Karavan,Pontiac
Coupe,BMW
Karavan,BMW
Limuzina,Ford
Karavan,Chevrolet
Coupe,Nissan
Terenec,Nissan
Terenec,Ford
Limuzina,Mitsubishi
Limuzina,Mercury
Coupe,Jaguar
Coupe,Acura
Kabriolet,Dodge
Karavan,Audi
Limuzina,Honda
Limuzina,Subaru
Limuzina,Nissan
Limuzina,Ford
Coupe,Honda
Karavan,Chevrolet
Coupe,Honda
Karavan,Ford
Limuzina,Lexus
Limuzina,Nissan
Karavan,Volkswagen
Kabriolet,GMC
Kabriolet,Dodge
Coupe,Mitsubishi
Limuzina,Kia
Limuzina,Chevrolet
Terenec,Lamborghini
Enoprostorec,Toyota
Coupe,Volvo
Coupe,Land Rover
