Ime,Priimek,Naslov,Telefon
Karyn,Slocombe,2039 Buhler Way,304-685-8157
Harley,Harmstone,47510 Havey Center,176-920-7024
Abigale,Sex,2 Mockingbird Pass,512-993-8334
Bondie,Herreran,83054 Bultman Hill,879-351-6450
Pavlov,Rule,8 Coolidge Parkway,836-262-6135
Teena,Rainville,2305 Brown Point,788-991-9142
Roxie,Forster,1423 Lukken Road,948-302-7695
Trudi,Trent,52121 5th Drive,783-941-5382
Keane,Drysdall,33 Sheridan Place,329-229-3395
Beau,Bensley,8717 Cody Hill,674-527-1780
Giacomo,Denziloe,0 Hayes Pass,836-745-8599
Davida,Reay,56048 Anderson Alley,811-838-8610
Irvin,Paiton,5205 Colorado Park,646-655-0223
Mildrid,Rolfi,2845 Magdeline Road,866-261-2690
Tanner,Elington,50338 Kennedy Plaza,965-584-2408
Zorana,Lattie,52 Messerschmidt Pass,314-643-4156
Roma,Capitano,5 Swallow Pass,557-280-4947
Madelina,Skill,269 Main Parkway,199-523-0533
Hewett,Kirtley,811 Hanson Plaza,406-956-5128
Halsey,Cometson,90 Holy Cross Point,786-564-3614
Jenny,Laterza,44 Truax Place,698-507-3969
Jock,Willishire,0 Declaration Plaza,282-902-6063
Ransell,Musk,42355 Cascade Parkway,176-145-7062
Berni,Warman,313 Marquette Avenue,812-344-1133
Rey,Raynes,7233 Charing Cross Parkway,803-197-4224
Gretta,Skellen,62210 Alpine Plaza,390-558-5518
Honoria,Hiers,20 Monterey Trail,258-477-4274
Jorrie,Trevaskus,86313 Shasta Lane,718-284-1230
Giulia,Kinkade,47 Schmedeman Crossing,766-132-1292
Thaine,Winfindale,58497 Kenwood Center,957-656-2821
Magdalena,Girk,0217 Veith Plaza,230-844-4938
Gypsy,Haylett,84 Hayes Hill,446-751-8824
Fairfax,Sonnenschein,48 Park Meadow Hill,323-518-8506
Tobey,Kemwall,6 Donald Circle,258-470-0349
Suzann,Bouchard,516 Bay Drive,938-610-7184
Monte,Spurman,9 Lien Park,553-204-9111
Warner,Gounin,3847 Mcguire Way,463-785-4176
Manon,Winyard,9 Canary Way,552-173-8540
Beverly,Zarfai,90 Huxley Crossing,121-262-0460
Myrvyn,Hrus,15 Chive Park,739-940-9931
Colman,Djakovic,033 Eagan Place,558-993-6522
Cherin,Duley,05 Killdeer Pass,794-451-7051
Drusy,Hughs,0815 Mallard Plaza,745-482-2274
Gertruda,Ager,72 Blaine Junction,193-617-1288
Flore,Mace,0 Arkansas Place,595-419-9606
Gabe,Iddenden,8 Monterey Center,618-221-5476
Lindi,Mattea,434 Muir Alley,839-102-8391
Davida,Clemintoni,5968 Forster Crossing,336-569-6008
Steffen,Ianinotti,2 Meadow Valley Point,866-976-6819
Dennison,Rowswell,11 Elmside Street,259-583-1651
Rivalee,Ridges,89 South Street,415-408-9661
Alejandro,Kapiloff,21 Scoville Crossing,801-126-9726
Marjy,Halladey,86 Delaware Hill,819-692-3148
Yale,Seaman,575 Center Pass,423-739-9983
Neville,Gatherer,4216 Anzinger Road,334-872-6718
Guthry,Wilbud,324 Commercial Terrace,912-634-0520
Cristobal,Busfield,1 Oak Parkway,624-529-0592
Rhodie,Broun,4 High Crossing Crossing,177-106-6933
Darline,McNabb,9 Loomis Avenue,266-127-7749
Gibb,Swindell,5 Heffernan Hill,345-764-6947
Karena,Booth-Jarvis,06527 Coleman Point,826-173-1960
Camella,Hartles,57037 Northridge Road,558-508-8244
Robbert,Bosnell,504 Bowman Way,718-178-4340
Alberto,Errett,109 Waubesa Road,237-116-3545
Edithe,Rimell,845 Lyons Way,206-171-5418
Wylma,Mulbery,5 Moland Lane,642-679-3314
Gill,O'Suaird,00 Shelley Trail,179-819-9847
Zachariah,Hallsworth,987 Little Fleur Way,485-458-5886
Elfie,Tripon,6 Annamark Way,336-735-4656
Alyss,Heinonen,4 Ridge Oak Lane,520-970-9613
Dora,Tallowin,66 Laurel Point,613-541-8835
Brannon,Limbourne,40 Claremont Hill,359-426-4567
Tomaso,Parlatt,6 Dottie Court,490-743-2269
Patrice,Tonna,66 Pennsylvania Park,586-149-2892
Wolfie,Streatfield,05814 Monica Alley,227-378-8694
Roch,Braidford,3211 Parkside Way,437-379-4956
Joby,Kynson,069 Utah Hill,681-467-0238
Thorndike,Weeden,5 Garrison Park,322-194-6116
Lacy,Dreschler,54254 Lien Way,140-882-8100
Murray,Pritty,647 Lerdahl Park,847-304-9174
Shandee,Twitching,55 Melody Road,264-260-4814
Thayne,Paoloni,691 Parkside Street,448-424-8608
Noe,Olivas,12044 Norway Maple Crossing,261-787-6402
Gradeigh,Benettini,3 Nobel Alley,706-919-1222
Colas,Titterton,81462 Truax Court,283-936-6065
Rick,Stutard,461 High Crossing Lane,748-955-2435
Anallese,Keppe,14275 Browning Crossing,653-629-7535
Christoforo,McEttigen,45 Green Ridge Parkway,432-864-4909
Annabela,Anetts,55 Comanche Trail,209-795-0581
Devinne,Criag,29013 Vera Pass,968-385-1427
Kelvin,Bigland,719 Thierer Street,270-500-4493
Tessie,Worthing,4835 Katie Point,849-966-8457
Arabelle,Goodhall,7 Russell Crossing,355-573-9422
Louise,Kornyakov,6 Orin Road,828-878-4099
Tomaso,Douce,8 Sutteridge Street,572-827-2891
Kiel,Purshouse,812 Alpine Avenue,129-861-6916
Arvy,Baniard,5472 Bayside Park,323-208-5694
Merv,Mapham,7411 Meadow Ridge Crossing,150-636-8968
Sigvard,Brinklow,104 Merchant Terrace,890-475-8318
Kary,Desbrow,68369 Johnson Crossing,498-999-6039
Bing,Heinel,85619 Jenifer Avenue,358-443-1931
Shana,Acomb,33158 Golf Parkway,987-379-4758
Kaspar,Stubbings,34 Homewood Park,403-348-1918
Gabrielle,Wye,6 Village Place,657-549-2102
Melamie,Agneau,67163 3rd Place,467-708-4919
Rossy,Cesconi,74612 Waxwing Way,594-667-1717
Yorker,Reignolds,166 Sherman Trail,305-813-3568
Zabrina,Brettor,329 Transport Plaza,633-401-7676
Alejandra,Cristoferi,2810 Clove Terrace,708-585-8320
Lorelei,Linning,6765 Hoard Place,763-603-6550
Pieter,Carse,645 Hallows Alley,898-502-1243
Viva,Bawden,0 Village Drive,981-814-9461
Jemmie,Kennsley,68 Ridgeview Street,153-788-3806
Candace,Paulig,02 Novick Junction,737-918-7952
Justino,O'Crevy,6 Merrick Hill,553-288-6419
Rupert,Tower,1607 Carberry Way,356-804-1676
Lew,Corbie,8 Nobel Court,364-309-0531
Serena,McQuie,5399 Lakeland Road,286-828-2860
Wanda,Geaves,31848 Weeping Birch Circle,488-919-7331
Wolfy,Mac Geaney,6 John Wall Hill,451-942-4068
Shurwood,Aleksankin,6525 Lillian Drive,837-480-2461
Quint,Keyworth,289 Pleasure Alley,874-583-4102
Matias,Posselow,7146 Parkside Drive,686-676-7827
Zachary,Cornborough,98 Dryden Drive,588-347-6701
Christoffer,Leas,4 Ruskin Pass,584-187-1576
Claire,McRavey,8221 Artisan Circle,454-971-2625
Natal,Scryne,3977 Ridge Oak Hill,881-855-9184
Hadlee,Swinnerton,823 7th Place,635-766-8811
Nevin,Kolyagin,182 Springs Street,497-679-0490
Armin,Sedgeman,5 Rowland Trail,233-169-1377
Lula,Jakel,59865 Merchant Plaza,251-178-9277
Winne,Aland,32 Vidon Circle,651-459-2362
Eba,Wanne,35 Buena Vista Parkway,783-547-8044
Guillemette,Aylmore,3096 Waubesa Circle,527-894-8381
Claus,Bondesen,53 Transport Hill,876-496-3943
Christian,Ecclestone,7 Welch Place,244-610-1487
Shirline,Horley,6 Jenna Street,886-368-7748
Pate,Parsons,5051 Buhler Junction,688-322-4749
Lilia,Casement,4113 Lukken Pass,964-353-9503
Pincus,Dobey,8770 Arkansas Court,497-834-2056
Krissie,Purkins,87021 Northwestern Parkway,604-451-2548
Clim,Meedendorpe,868 Graceland Avenue,574-673-4177
Anstice,St. Clair,09696 Barby Court,892-686-1139
Lauralee,Buckmaster,36543 Linden Alley,109-157-8969
Marissa,Hestrop,768 Fisk Terrace,783-346-0841
Taber,Naylor,9967 Mariners Cove Junction,984-844-3069
Dal,Croisier,77813 Summer Ridge Drive,149-584-0565
Moe,Chaston,35 Hollow Ridge Plaza,212-565-1046
Margarethe,Gatrell,070 Westend Trail,794-384-8264
Prescott,Painten,7522 Di Loreto Crossing,890-957-1348
Delbert,Lankham,93559 Eggendart Lane,130-718-1686
Morris,Spurdon,39961 Huxley Alley,938-756-6589
Frazer,Hallibone,674 Ridge Oak Road,158-104-0605
Moses,Guyonneau,27 Barby Street,692-559-4346
Allyce,Walklett,5 Sugar Trail,949-213-7572
Debor,Killeen,13501 Jenifer Place,605-504-1352
Hynda,Saveall,35320 Brown Avenue,465-720-0013
Shayla,Moens,80 Elgar Way,728-707-2813
Thalia,Jantel,4 North Trail,434-145-3151
Luce,McPhilemy,1 Gateway Lane,277-294-9324
Denyse,Bycraft,76 Dixon Plaza,629-649-3770
Muhammad,Mityashin,495 Green Place,754-360-0684
Krystal,Joselin,0 Logan Junction,684-824-5311
Sander,Considine,58120 Northview Plaza,186-782-3809
Christan,Keech,7 Grim Place,313-863-0239
Tess,MacTrustrie,17306 Bobwhite Trail,909-245-6151
Jarrett,Sentinella,0731 Logan Avenue,427-260-4960
Shanie,Legon,7038 Bobwhite Park,970-889-0612
Tades,Levensky,6 Northfield Circle,406-596-0396
Hale,Farncomb,65 Cambridge Crossing,994-396-1760
Horten,Rodgier,01 Myrtle Drive,123-368-8033
Corine,Burbage,78370 Elmside Plaza,460-617-0979
Luther,Pepall,91687 Vahlen Road,890-617-9487
Marilee,Giuron,27 Delladonna Court,859-865-5305
Briggs,Klessmann,6084 Sugar Park,206-808-0888
Maude,Wornum,8743 Bashford Crossing,736-223-2093
Alix,Pohling,9884 Maywood Trail,734-531-8867
Almira,Wilflinger,63 Ludington Road,894-985-5526
Madalyn,Loach,9 Bonner Road,815-935-7738
Ruby,Fawthorpe,11 Badeau Trail,446-983-6918
Bettina,Luciano,171 Arkansas Terrace,941-164-0307
Brinna,Rennocks,71 Hanover Park,514-579-0083
Mata,Barns,5534 Linden Lane,680-947-3951
Amos,Moodie,85 Northview Avenue,126-841-8118
Rachelle,Daulby,318 Cascade Street,102-369-4591
Kylila,Bugg,570 Paget Point,914-816-2050
Riley,Deetlefs,28 Farragut Hill,632-531-7338
Allyson,Clementel,294 Scofield Hill,609-152-1484
Addi,Duffil,5 Monument Pass,828-282-1371
Samantha,Clough,76449 Lakewood Park,554-234-7594
Mattheus,Bowen,4 Merry Court,817-274-9419
Trisha,Tylor,372 Kings Circle,644-929-0421
Ellissa,Pontefract,1970 7th Road,837-725-9721
Kendre,Ralling,2 Mifflin Lane,904-745-8859
Rupert,Avard,1349 Pine View Drive,985-854-2318
Eugene,Menaul,03210 Prairieview Park,725-333-0350
Kendra,Linster,6 Lyons Street,982-320-8414
Winslow,Skelton,25556 Comanche Terrace,882-157-7132
Susanne,Pitman,7052 Emmet Avenue,822-774-5650
Stephie,Dubery,3 Sauthoff Court,683-161-0699
Fan,Blewis,25948 Lakewood Gardens Trail,470-268-9660
Jeralee,Fox,09305 Moulton Point,214-225-4240
Hesther,Stanhope,23 Kedzie Road,218-460-7404
Giacinta,Fulloway,71 Grim Terrace,710-668-9197
Jerrome,Castagna,6461 Mosinee Crossing,266-511-3544
Perkin,Wash,78125 Barnett Center,201-411-7026
Delmor,Gadaud,333 Haas Court,275-462-8001
Masha,Bleasdale,138 Canary Lane,854-405-6195
Sigismondo,Hyndson,2 Pierstorff Pass,698-908-8509
Alverta,Lightowlers,3093 Memorial Lane,239-352-2693
Samson,Mccaull,8403 Loeprich Hill,276-464-2675
Liz,Gledstane,90 Daystar Hill,846-466-5670
Cortie,Di Carli,5901 5th Drive,149-185-2442
Lana,Brereton,060 Harbort Circle,740-894-0597
Ronni,Geram,2616 Johnson Center,365-990-8532
Johnnie,Krauss,1957 Bunting Way,536-926-3060
Jacynth,Flello,0 Katie Road,592-785-8599
Marijo,Sibbons,116 West Avenue,157-180-3395
Merrilee,Ramsey,32922 Karstens Point,970-853-5619
Ashli,Castanaga,09039 Oneill Circle,180-822-5375
Franny,Leask,6 Burrows Plaza,907-284-2909
Cleo,Juarez,25015 Old Shore Alley,184-498-3730
Raynell,Gladdor,12 Village Green Pass,679-617-3947
Gracie,Alexsandrowicz,598 Hoffman Terrace,212-803-9292
Lilllie,Bensley,022 Forster Avenue,690-323-1458
Elena,Dow,56 Columbus Road,775-723-0896
Brigitta,Demangeon,6 Amoth Lane,194-690-8803
Liva,Giercke,4 Hansons Crossing,395-436-2915
Nettie,Fisbey,20199 Lukken Park,781-640-6407
Tobias,McCobb,07 Ryan Court,322-170-9322
Carling,Konrad,18075 Lakeland Circle,405-490-8828
Inglis,Prier,3966 Barnett Crossing,412-964-9639
Carree,Crookshanks,0037 Lillian Road,579-830-6120
Fernanda,Bedward,41 Clyde Gallagher Drive,621-804-4332
Dickie,Gales,53 Hauk Parkway,913-790-4668
Mair,Bartalini,457 Armistice Terrace,824-350-5984
Kurtis,Daniely,628 Mariners Cove Alley,247-494-6346
Marillin,Vischi,4 Eliot Junction,674-471-6323
Fulton,Curnokk,1843 Linden Road,662-315-6319
Simonette,Curtis,3 Buhler Center,610-640-0343
Bill,Eleshenar,210 Dapin Lane,375-633-6478
Kahlil,Penton,97 Stoughton Alley,384-884-3136
Matti,Heater,63 Atwood Junction,265-946-0083
Kalinda,Hadny,415 8th Place,640-548-5767
Holly,Sumpton,9 Fairfield Junction,109-129-4932
Orly,Enrique,1 Becker Crossing,907-868-8931
Kimberli,Guthrie,2 Lindbergh Place,861-231-2875
Curt,Cobain,79 Hayes Court,331-801-1875
Margareta,Motten,8010 Warbler Center,343-517-1360
Tedman,Gazzard,0262 Fieldstone Avenue,485-324-5900
Domeniga,Cogar,0 Straubel Court,373-494-6054
Archaimbaud,McIlheran,2 Ludington Road,179-736-4385
Kerrill,Ghiriardelli,53917 7th Street,573-560-8305
Cleo,Winkless,905 Sundown Circle,109-975-7918
Tadeas,Zuppa,732 Quincy Trail,541-377-1572
Andriana,Enevoldsen,94 Everett Circle,209-220-1445
Dannye,Drewry,972 Garrison Hill,452-648-2273
Clarabelle,Faustin,1971 Gerald Trail,953-902-1061
D'arcy,Minchinton,0260 Nova Park,321-940-5397
Bobbye,Favell,00 Annamark Plaza,601-537-7065
Max,Standrin,3691 Sachs Point,343-794-5732
Jaclin,Findon,570 Delaware Park,393-604-3197
Eddi,Chaves,01414 Dryden Hill,769-114-5327
Ernestus,Willshee,534 Crownhardt Pass,585-488-2824
Misti,Anyene,42546 Graedel Road,118-231-5325
Constantine,Palombi,069 Bunker Hill Drive,544-285-8613
Glad,Fitzer,3573 Columbus Crossing,345-561-6939
Jackie,Tideswell,3 Pawling Court,954-308-6651
Jarrett,Keningley,0 Londonderry Trail,135-184-3678
Xerxes,Shrimptone,47 Fairview Hill,183-326-6107
Marlon,Kleinsmuntz,6809 Autumn Leaf Drive,521-592-2250
Philbert,Rustich,7978 Pepper Wood Park,751-928-2862
Willie,Martynov,9 Leroy Lane,801-889-1473
Aaron,Paulot,6 Mariners Cove Junction,970-442-4467
Arvy,Costain,5922 Kingsford Court,645-772-3667
Mella,Strathearn,871 Eliot Road,352-360-6358
Nigel,Hollington,08 Golden Leaf Point,228-769-6294
Phineas,Crass,70732 3rd Junction,371-840-9774
Sophia,Morillas,77815 Ramsey Drive,898-105-5566
Klement,Mowbray,0773 Bonner Park,389-773-8995
Johnathon,Escreet,24 North Circle,850-811-1239
Sven,Rudolfer,25127 Elmside Trail,276-756-8988
Enid,Clothier,068 Prairie Rose Plaza,616-726-3475
Inglebert,Vowells,26425 Nova Street,672-844-4092
Ruthy,Probetts,189 Cottonwood Alley,483-194-5727
Jdavie,Morales,2 Lien Lane,881-540-4131
Madison,Malden,47112 Nancy Street,980-563-9297
Juli,Itzkowicz,1208 Mandrake Circle,548-834-3845
Giorgi,Marre,7 Westport Junction,853-783-0595
Craggy,Laurand,7 Waywood Point,117-464-7662
Anstice,Jervois,5751 Birchwood Park,556-876-4497
Guthrey,Ryce,7367 Clarendon Trail,319-256-2549
Ansley,Roll,5 Thompson Drive,344-965-9334
Colby,Cayton,648 Eggendart Way,531-128-2434
Cad,Barendtsen,87364 Dapin Hill,613-239-7957
Scotty,Gossage,5 Moland Alley,319-408-2347
Mady,Dummett,103 Jenna Avenue,799-521-3109
Mignon,Cleevely,9 La Follette Terrace,376-995-8007
Daryl,Lethbridge,9813 Dexter Center,978-245-7626
Hazlett,Borley,8264 Lyons Avenue,246-605-4400
Neville,Bernetti,72 Di Loreto Way,211-579-6205
Cristen,Chadd,11604 American Ash Hill,488-235-0290
Suzanna,Iston,8757 Melody Street,816-654-1017
Maddie,McGurgan,777 Northland Plaza,257-123-1360
Jemima,Gilleon,0 Forster Pass,283-426-8115
Pepi,Peddel,69 Lakeland Alley,731-422-2395
Sybil,Furzey,217 Norway Maple Junction,166-103-9555
Benyamin,Dunniom,49271 Little Fleur Trail,116-436-3904
Florina,Nappin,6 Independence Park,121-166-3565
Bobbie,Lampaert,00130 Mallory Crossing,107-920-3676
Adrianne,Atkirk,6 Vidon Park,584-787-3687
Haily,Woolvett,54816 Sugar Place,200-298-2625
Mellie,Sloam,72643 Schlimgen Hill,870-399-0460
Albie,Keming,58779 Shopko Park,361-325-8284
Bren,Storie,2548 Mockingbird Circle,729-857-6471
Joellen,Cana,890 Rowland Pass,582-689-4772
Claude,Kupke,0 Brown Trail,867-293-2811
Eudora,Lotwich,7869 Everett Place,798-171-6503
Arch,Akers,5535 Kennedy Junction,293-868-2560
Garrett,Spacey,38 Mallard Avenue,700-326-3451
Grove,O'Lennane,38 Carioca Terrace,495-141-9198
Tobey,Huggen,75 Maple Wood Place,975-897-3941
Corrie,de Clerc,64 Talisman Terrace,938-491-7126
Evelina,Gallacher,55216 Roth Pass,554-316-4677
Alfons,Albisser,33907 Florence Pass,689-903-7096
Barton,Smaridge,4 Schlimgen Way,803-117-7615
Georgette,Mityushin,27502 Nova Plaza,284-657-7974
Carlota,Hyder,2658 Kipling Drive,581-720-6606
Emmye,Wadwell,22361 Linden Point,812-697-4667
Nixie,Huey,452 Ruskin Hill,625-254-8578
Rustin,Hilland,59 Cottonwood Terrace,637-185-6899
Manon,Somerscales,7817 Corscot Point,752-509-2711
Cliff,Sails,7242 Brentwood Junction,525-906-2617
Margarette,Syphus,5205 Monterey Junction,334-199-6772
Tabby,Condie,962 Anniversary Plaza,535-149-2643
Aristotle,Inkle,18 Tennessee Court,683-144-3121
Lavina,Torres,05527 Sugar Junction,436-192-2145
Arielle,Wiltshear,26 Beilfuss Circle,915-467-2070
Collette,Rubinow,193 Dennis Pass,963-799-6850
Patricia,Treversh,4 Rigney Way,603-285-1916
Diannne,Luce,9 Northview Avenue,763-379-1070
Brendin,Cowlard,59 Killdeer Court,926-747-1041
Mireielle,Habeshaw,559 Debra Center,740-120-0814
Gwenneth,Stocky,1487 5th Junction,165-636-6977
Corey,Snare,5 Green Park,941-544-4957
Xylia,Rait,0 Pleasure Terrace,708-922-8963
Simone,Stark,7 Columbus Terrace,917-356-3079
Berenice,Luke,2 Knutson Lane,132-939-3893
Pall,Okenden,92 Monument Road,456-723-4147
Wilone,Beebe,11141 Di Loreto Avenue,754-930-9460
Yancey,Whicher,11030 Mitchell Pass,978-964-7777
Annabel,Widdicombe,87 South Road,915-951-5896
Alissa,Hegg,6 Hansons Circle,423-811-8489
Bea,Klemmt,005 Russell Way,255-837-8779
Norene,McGavigan,270 Steensland Parkway,481-154-8812
Cecilius,Joanaud,4 Corben Place,816-258-4263
Lily,Marquiss,665 Meadow Valley Park,530-598-8176
Constanta,Paley,706 Sheridan Road,396-568-8799
Kalindi,Schohier,63702 Coolidge Drive,987-924-8894
Lars,O'Henecan,026 Thompson Junction,154-935-1797
Salem,Frankes,9857 Katie Center,329-302-9120
Tisha,Gazey,0632 Messerschmidt Center,588-113-0921
Jarvis,Cockayme,8595 Buhler Parkway,475-676-1456
Joe,Bolderson,04908 Garrison Pass,856-865-1920
Wait,Theyer,979 Melrose Way,834-765-9120
Thomasina,Kincade,971 Warrior Pass,264-569-8812
Ambur,Hadwin,4 Dottie Point,210-423-4355
Walden,Pasque,4626 Harper Crossing,201-939-7958
Dayle,Valentin,214 Arkansas Plaza,465-553-9943
Jeannette,Smart,69237 Thackeray Lane,362-511-5381
Wilma,Rubinshtein,396 Jenna Way,105-871-8411
Albertine,Tumbridge,89 Portage Street,817-839-5959
Cristian,Edinboro,31745 Farragut Trail,436-562-2782
Toddie,Brankley,537 Main Court,852-508-7847
Thorsten,Neville,01 6th Court,966-865-1399
Dinnie,Olorenshaw,5707 Thompson Point,134-273-7212
Ivan,Connechie,7 Fisk Circle,279-114-2565
Farrell,Dowey,209 Westridge Park,324-281-9578
Cecil,Robke,6825 Towne Street,761-148-5894
Henrie,Canedo,78 Shopko Hill,479-593-4697
Bernelle,Hawsby,88 Logan Pass,543-283-2634
Elga,Tiron,895 Meadow Valley Trail,793-331-8602
Lock,Petch,17575 Stephen Point,493-300-1599
Orly,Kitchingman,50952 Riverside Trail,339-507-5398
Dyann,Ely,6129 Surrey Plaza,649-176-0610
Cindelyn,Norree,1373 Prairie Rose Hill,733-618-0094
Peyton,Ruddock,95638 Columbus Crossing,249-155-5418
Georg,Kitchingman,26 Schurz Court,790-175-9203
Bonni,Cathel,43573 Independence Road,537-323-4115
Denny,Zanre,61152 Anthes Park,539-436-3375
Alfy,MacDowal,24714 Nova Plaza,127-714-4711
Augustina,Giovani,060 Grasskamp Street,726-353-5402
Val,Pessler,1771 Sugar Parkway,945-296-4327
Klarika,Everett,6195 Welch Trail,856-669-4666
Michel,Lawton,89 Springs Park,566-874-1040
Benedikta,Whiteoak,69833 Coolidge Street,213-250-3524
Augustine,Negro,0 Delaware Street,233-433-1715
Ozzy,Duckwith,54 Old Gate Park,247-936-0427
Hakim,Gronou,95884 Lakewood Gardens Drive,975-226-3441
Bryn,Ingall,31064 Bunker Hill Point,761-742-6341
Tiffie,Astell,07 Ruskin Circle,435-476-8726
Alanna,Phaup,034 Canary Road,338-292-3073
Lonny,Castella,828 Heffernan Place,615-510-5620
Jeffy,Chantillon,96 Burrows Hill,451-645-7594
Cy,Small,07 Calypso Circle,740-502-5479
Theresina,Dingate,75388 Fieldstone Street,860-727-5288
Matty,Truwert,0 Schurz Plaza,917-276-0269
Gelya,Grasser,2773 Oriole Pass,756-493-6164
Willy,Baradel,15 Warrior Street,561-142-1598
Benson,Glowacha,8 Eagle Crest Pass,928-965-9505
Lulita,Stenyng,5 Carey Circle,144-812-3558
Emili,Abbes,7596 Anzinger Park,996-148-2987
Quentin,Jimeno,9476 Dorton Alley,989-841-9509
Nesta,Aleksandrev,4483 Pleasure Crossing,714-577-4186
Judas,Bohan,165 Cascade Lane,796-611-3545
Guido,Burrow,3 Myrtle Drive,742-512-3665
Rosita,Yepiskopov,51740 Oxford Place,617-789-6738
Jackquelin,Dumphry,3 Ruskin Road,777-322-7402
Mikkel,Ferrucci,2 Manufacturers Terrace,790-602-3206
Nettie,Stillert,33392 Sundown Street,135-869-2044
Paton,Laybourne,3 Grayhawk Court,904-382-0644
Zacharias,Philp,5742 Arapahoe Point,457-309-8091
Faye,Handyside,64564 Village Court,702-223-7380
Chase,Pugsley,0 Toban Avenue,159-555-7933
Anastasie,Peniman,7 Dayton Trail,650-840-5552
Lanni,Byk,0 Garrison Lane,911-547-8367
Clerissa,Garms,04 Hollow Ridge Avenue,305-251-8007
Howey,Seabon,83 Autumn Leaf Plaza,932-834-1384
Merry,Winteringham,2 Dwight Way,386-368-7583
Felike,Crockley,62 Stuart Place,526-219-6355
Xylia,Heaphy,866 Bashford Parkway,357-199-1465
Regina,Bexley,012 Laurel Avenue,740-676-2055
Jessamine,Wiersma,9 Susan Crossing,343-208-6102
Vernor,Greydon,0040 Manitowish Terrace,885-451-6997
Gwendolen,Hawick,696 Pleasure Hill,853-791-6825
Sadella,Coupe,63355 Cambridge Terrace,313-772-0563
Bethanne,Endicott,3161 Quincy Lane,294-670-6869
Demeter,Perschke,41624 Nobel Pass,311-153-7843
Ignacio,Shier,73436 Lakewood Crossing,235-551-5758
Lorilyn,Pettie,6 Laurel Place,340-838-7484
Harry,McInnes,8784 Maple Wood Terrace,299-223-7477
Gwynne,Guitt,7524 Dawn Center,848-626-2059
Inger,Cruess,082 Center Parkway,225-622-2932
Stanislaw,Jellman,66335 1st Park,460-886-0108
Karlie,Gillbee,7 Thackeray Alley,714-970-4371
Rikki,Pesik,585 Havey Park,931-268-2674
Matthias,Van Bruggen,7432 Manley Alley,595-714-9134
Rayshell,Drysdale,000 Hoepker Trail,962-362-2805
Ram,Ewdale,3 Crest Line Parkway,102-699-7604
Aloisia,Winship,2 Sommers Street,208-774-9145
Herve,Asker,40 Lyons Street,728-522-4959
Ernie,Ingraham,62031 Kensington Lane,475-607-1021
Goddard,Starking,4 Washington Crossing,198-153-1899
Marius,Runsey,8222 Continental Plaza,140-394-0922
Lynett,Grestie,82 Declaration Drive,608-958-8302
Eddi,Drewes,46 Thierer Junction,934-841-0848
Bibbye,Kleinsinger,0 Namekagon Place,646-740-7030
Austina,Goldbourn,21 Thackeray Trail,288-602-5081
Glen,Trusler,883 Spaight Point,143-564-0536
Bailey,Pratten,23803 East Drive,327-668-1749
Francesca,Ciccotto,98286 Gina Plaza,881-432-5875
Kenneth,Albutt,11030 Eagle Crest Way,405-577-6461
Levon,Breewood,42 Jenifer Junction,820-318-2832
Gussi,Duligall,11 Mccormick Park,573-729-1444
Patrick,Stubbley,3890 Holmberg Alley,583-501-5766
Dorree,Witz,715 Old Shore Trail,680-534-4036
Cordie,Botley,36942 Amoth Pass,353-467-8224
Steven,Nerval,97 Grim Place,308-990-9134
Ban,Stoner,52738 Vera Road,330-594-4041
Guillermo,Parradye,9 Merchant Point,250-202-0930
Courtnay,Mugridge,4152 Commercial Plaza,238-779-0789
Cari,Wybrow,75 Kedzie Junction,293-261-3779
Ellene,Arden,3946 Holmberg Court,438-993-1264
Nicolea,Vondracek,64 Ryan Point,380-854-7670
Gusella,McDavitt,1169 Bobwhite Drive,319-825-4103
Gui,MacCoveney,83 Truax Terrace,134-262-9559
Allin,Lazar,8 Tomscot Avenue,739-657-9214
Winnah,Shillingford,724 Menomonie Terrace,264-723-4186
Trix,Olden,47 Sugar Way,493-905-6034
Corbie,Gorden,783 Orin Circle,484-374-5705
Nico,Deschelle,76751 Green Center,111-855-7318
Sax,Rubbert,298 Eggendart Circle,984-392-7752
Scotty,D'Ambrosio,605 Logan Plaza,457-511-6097
Carce,Eppson,2 Northridge Alley,281-391-2676
Rufe,Grabham,8964 Kipling Lane,289-111-5099
Bret,Ledrun,092 Canary Drive,633-946-3184
Goraud,Auchinleck,2568 Kipling Avenue,899-894-8930
Abagail,Hiom,1386 Aberg Circle,675-328-5284
Faulkner,Mounsey,440 Dakota Avenue,713-210-2839
Nils,McKeaveney,11802 Oak Crossing,686-215-2836
Eran,Cestard,9134 Florence Drive,101-197-8738
Belicia,Outhwaite,4111 Stephen Court,371-671-3773
Pebrook,Gotfrey,839 Prairie Rose Trail,606-257-7923
Alvin,Osbiston,012 Hoepker Crossing,752-816-8404
Woodman,Chudleigh,67363 Hermina Terrace,773-961-9855
Grantham,Fitchell,9 Valley Edge Plaza,301-728-2417
Zachariah,Fairfull,5709 Moulton Alley,704-413-2960
Minnnie,Chestney,20 Di Loreto Circle,677-200-7558
Kameko,Evered,66859 Killdeer Drive,469-886-7351
Robbie,Bruhnke,0 Oriole Plaza,531-743-4556
