Ime,Telefon,Naslov,Email
"Thompson, Bogisich and Buckridge",757-634-1179,67804 Arrowood Parkway,aayce0@com.com
Grimes LLC,344-602-7233,06 Quincy Terrace,mjerzykiewicz1@naver.com
"Reynolds, Goyette and Auer",962-176-7896,32036 Dapin Circle,asiddens2@apache.org
"Gerlach, Mante and Connelly",439-391-3298,68172 Village Green Terrace,bmarcq3@deliciousdays.com
Gaylord-Eichmann,238-596-9454,23608 Kedzie Lane,dsaice4@tmall.com
Hackett-Hoppe,915-656-0874,83 Bartelt Plaza,horlton5@ca.gov
"Lang, Olson and Breitenberg",755-924-4713,426 Washington Park,mlittefair6@gravatar.com
"Johns, Oberbrunner and Brakus",782-547-6836,301 Trailsway Avenue,cferrero7@scribd.com
Braun-Reynolds,757-635-0199,75 Northview Lane,sbrabin8@google.ru
"Cummings, Bernhard and Blick",813-992-6786,7 Victoria Way,gstampe9@loc.gov
"Goldner, Monahan and Leuschke",277-612-6856,64 Merchant Point,baldissa@tinyurl.com
Bergnaum and Sons,436-671-5677,7576 Texas Hill,mfiggenb@shutterfly.com
Lockman Group,213-616-2713,7 Luster Road,etimnyc@nps.gov
Dibbert Group,119-882-9441,8698 Westend Point,breiachd@gmpg.org
"Weimann, Abernathy and Runte",774-253-3087,40 Jana Plaza,hgravese@yelp.com
Botsford-Ondricka,228-661-0553,4 Cascade Alley,stimckef@admin.ch
Gutkowski and Sons,963-596-3824,5655 Logan Avenue,mlaurischg@nytimes.com
Zemlak Inc,579-991-3244,8 Old Gate Center,dthurlbeckh@ox.ac.uk
Abernathy Group,659-151-7286,3 Heffernan Terrace,aharkesi@cargocollective.com
Conroy-Kirlin,668-897-8829,8564 Caliangt Junction,gsabatej@qq.com
"Auer, Sawayn and Deckow",740-651-1433,8 Miller Avenue,tbedburyk@moonfruit.com
Klocko-Goldner,853-892-9555,260 Forster Point,jandrewsl@globo.com
"Smith, Tromp and Nienow",964-644-2520,5982 Fordem Park,kskeatsm@naver.com
Bailey-Parker,369-872-1764,724 Forest Dale Point,sdragonetten@nationalgeographic.com
Pfannerstill-Walker,790-581-0398,576 Oakridge Place,ofallao@craigslist.org
"Berge, Wiegand and Botsford",713-989-6240,9014 Lake View Road,knehlp@nih.gov
"Kub, Heidenreich and Wiza",228-676-4566,934 Carberry Pass,alopezq@ebay.com
"Wintheiser, Wolf and Gutkowski",560-187-1259,5 Almo Circle,rkettridger@fema.gov
Ratke LLC,564-866-5996,4368 Daystar Parkway,fitzkovwitchs@paginegialle.it
"Dibbert, Rodriguez and Torp",507-430-4637,67874 Arapahoe Crossing,ejackmant@opensource.org
"Will, Rath and Osinski",820-910-6842,8018 Arrowood Hill,ihattamu@mapquest.com
Casper-Hickle,784-981-8789,489 Farmco Point,lcunniamv@toplist.cz
Ryan-Torphy,698-960-3878,613 Becker Terrace,cwedonw@cbsnews.com
"Quigley, Gleason and Hauck",114-379-9190,0324 Spaight Circle,dkilmurryx@bandcamp.com
Romaguera Group,402-927-5580,68 East Lane,asawley@google.co.jp
Wisozk and Sons,914-316-1414,1 Chive Center,bbawlez@telegraph.co.uk
"Waelchi, Pouros and Boyle",302-743-0901,65 Glendale Junction,jcubbinelli10@opensource.org
Hahn-Heidenreich,167-641-3297,71 Sunfield Circle,mwindless11@php.net
Torphy-Marks,207-555-2442,581 Express Road,gmatusevich12@wisc.edu
"Murray, Hegmann and Leffler",765-624-7946,083 8th Trail,cmcilwrath13@meetup.com
Klocko Inc,434-763-8005,5497 Sugar Alley,qmechan14@usnews.com
"Lakin, Mitchell and Crooks",462-137-3706,9175 Bultman Street,mlucas15@zimbio.com
Ortiz and Sons,133-457-8531,563 Waubesa Street,glydiate16@fema.gov
Wolf-Huels,531-919-5568,651 Helena Pass,ccranidge17@t.co
Beer-Crona,649-362-0035,20497 Ronald Regan Crossing,vgentsch18@ucsd.edu
Erdman-Gibson,904-611-9146,98584 Myrtle Terrace,bcoalbran19@blogtalkradio.com
Gislason LLC,877-136-0977,15521 Starling Plaza,dmcgeagh1a@unicef.org
"Sauer, Pollich and Mosciski",808-551-0298,23 Esker Center,rfernan1b@usnews.com
Kuhic-Pollich,635-843-9143,038 Schurz Parkway,clanders1c@imdb.com
"Littel, Fay and Koch",745-868-4336,728 Sycamore Park,waves1d@nifty.com
